http://blog.minutestomidnight.co.uk/* https://minutestomidnight.co.uk/blog/:splat 301!
https://blog.minutestomidnight.co.uk/* https://minutestomidnight.co.uk/blog/:splat 301!
http://after1989.minutestomidnight.co.uk/* https://minutestomidnight.co.uk/blog/after-1989/:splat 301!
https://after1989.minutestomidnight.co.uk/* https://minutestomidnight.co.uk/blog/after-1989/:splat 301!
/.well-known/avatar /.well-known/avatar-m2m.png 200
/a-little-boy-that-santa-claus-forgot-on-a-b-29/ /blog/a-little-boy-that-santa-claus-forgot-on-a-b-29/ 301
/after-1989-love-field-official-music-video/ /blog/love-field-official-video/ 301
/after-1989-13-days-official-video-cuban-crisis/ /blog/13-days-official-video/ 301
/after-1989-13-days-official-video/ /blog/13-days-official-video/ 301
/after-1989-intro-teaser-video/ /blog/after-1989-teaser/ 301
/after1989-intro-teaser-video/ /blog/after-1989-teaser/ 301
/after-1989-skinny-kid-official-music-video/ /blog/skinny-kid-escape-from-concentration-camp/ 301
/after-1989-a-trip-to-freedom/ /blog/after-1989/ 301
/after-1989-concept-album-about-escaping-berlin/ /blog/after-1989/ 301
/after-1989-a-trip-to-freedom-links/ /blog/after-1989/ 301
/after-1989-a-trip-to-freedom-digital-streaming-links/ /blog/after-1989/ 301
/after-1989-album-reviews/ /blog/after-1989-reviews/ 301
/after-1989-in-depth-review/ /blog/after-1989-reviews/ 301
/after-1989-a-trip-to-freedom/after-1989-in-depth-review/ /blog/after-1989-reviews/ 301
/after-1989-anniversary/ /blog/after-1989/ 301
/after-1989-anniversary-discount/ /blog/after-1989/ 301
/after-1989-anniversary-new-official-music-video/ /blog/after-1989-anniversary-new-official-music-video/ 301
/archive/ /sitemap/ 301
/backup-and-audio-archival/ /blog/backup-and-audio-archival/ 301
/bass-tracks/ /sound-design/ 301
/berlin-91/ /blog/berlin-91/ 301
/blog/2020/08/06/a-little-boy-that-santa-claus-forgot-on-a-b-29/ /blog/a-little-boy-that-santa-claus-forgot-on-a-b-29/ 301
/blog/note-about-michael-c-hall/ /blog/michael-c-hall/ 301
/blog/note-about-meta/ /blog/about-meta/ 301
/blog/back-to-the-future-leaving-the-uk/ /blog/leaving-the-uk/ 301
/blog/skinny-kid-escape-from-concentration-camp/ /blog/skinny-kid-song-backstory/ 301
/blog/callum-gardner-debut-single/ /blog/callum-gardner-debut-single/ 301
/blog/ember-rev-premonition-and-ruin/ /blog/premonition-and-ruin/ 301
/blog/the-die-is-cast-on-spotify/ /blog/the-die-is-cast/ 301
/blog/a-blogroll-in-2022/ /blogroll/ 301
/blog/minutes-to-midnight-duo/ / 301
/blog/non-sai-chi-sono-remix-out/ /blog/non-sai-chi-sono/ 301
/blog/the-die-is-cast-ep/ /blog/the-die-is-cast/ 301
/blog/hidden-music-dan-ecclestone/ /blog/hidden-music/ 301
/blog/popular/ /blog/ 301
/blog/reaper-daw-subprojects/ /blog/mix-ember-rev-reaper-subprojects/ 301
/blog/personal-manifesto/ /personal-manifesto/ 301
/blog/photogallery/ /blog/responsive-photogallery-carousel-css/ 301
/blog/case-studies/ /blog/ 301
/blog/website-redesign/ /blog/website-minutes-to-midnight/ 301
/blog/michael-c-hall/ /blog/ 301
/links/ /blogroll/ 301
/credits/ /colophon/ 301
/daw-from-logic-to-pro-tools-to-reaper-part-3/ /blog/daw-from-logic-to-pro-tools-to-reaper-part-3/ 301
/daw-from-logic-to-pro-tools-to-reaper-part-2/ /blog/daw-from-logic-to-pro-tools-to-reaper-part-2/ 301
/daw-from-logic-to-pro-tools-to-reaper-part-1/ /blog/daw-from-logic-to-pro-tools-to-reaper-part-1/ 301
/efficient-productivity-for-music-professionals/ /blog/project-management/ 301
/escape-from-social-media/ /blog/escape-from-social-media/ 301
/electronic-press-kit/ /epk/ 301
/ethics/ /personal-manifesto/ 301
/files/ / 301
/follow/ /contact/ 301
/gallery/ /about/ 301
/how-i-use-internet/ /blog/how-i-use-internet/ 301
/more-link/ /sitemap/ 301
/more-links/ /sitemap/ 301
/music/ /blog/ 301
/music/after-1989/ /blog/after-1989/ 301
/music/after-1989-demos/ /blog/after-1989-demos/ 301
/music/non-sai-chi-sono/ /blog/non-sai-chi-sono/ 301
/music/the-die-is-cast/ /blog/the-die-is-cast/ 301
/news/ /blog/ 301
/manifesto/ /personal-manifesto/ 301
/newsletter/ /blog/ 301
/newsletter.xml /feed.xml 301
/pgp/ /contact/ 301
/photos/ /about/ 301
/portfolio/ /blog/ 301
/privacy-policy/ /colophon/ 301
/press-photos/ /about/ 301
/production-mix/ /sound-design/ 301
/projects/ /blog/ 301
/projects/sound-design/ /sound-design/ 301
/projects/sound-design/car-city-cartoon/ /blog/car-city-cartoon/ 301
/projects/sound-design/drums-restoration/ /blog/drums-restoration/ 301
/projects/sound-design/console-game-ruff-trigger/ /blog/ruff-trigger-playstation2-game/ 301
/projects/sound-design/producing-bass-remotely/ /blog/producing-bass-remotely/ 301
/projects/web-design/responsive-photogallery-carousel/ /blog/responsive-photogallery-carousel-css/ 301
/projects/project-management/ /blog/project-management/ 301
/project-management/ /blog/project-management/ 301
/projects/sound-design/vocal-editing/ /blog/vocal-editing/ 301
/resume/ /about/ 301
/review-skinny-kid-novamusic-blog/ /blog/review-skinny-kid-novamusic/ 301
/rss/ /feed.xml 301
/skinny-kid/ /blog/skinny-kid-song-backstory/ 301
/sound-design/ /sound-design/ 301
/the-die-is-cast-ep/ /blog/the-die-is-cast-ep/ 301
/work/ /blog/ 301
/work/music-production/ /sound-design/ 301
/work/music/ /sound-design/ 301
/work/bass/ /sound-design/ 301
/work/endorsements/ /blog/ 301
/work/project-management/ /blog/project-management/ 301
/work/sound-design/ /sound-design/ 301
/work/sound-design/after-1989-reviews/ /blog/after-1989-reviews/ 301
/work/sound-design/car-city-cartoon/ /blog/car-city-cartoon/ 301
/work/sound-design/drums-restoration/ /blog/drums-restoration/ 301
/work/sound-design/ruff-trigger-playstation2-game/ /blog/ruff-trigger-playstation2-game/ 301
/work/sound-design/console-game-ruff-trigger/ /blog/ruff-trigger-playstation2-game/ 301
/work/sound-design/non-sai-chi-sono/ /blog/non-sai-chi-sono/ 301
/work/sound-design/premonition-and-ruin/ /blog/premonition-and-ruin/ 301
/work/music-production/premonition-and-ruin/ /blog/premonition-and-ruin/ 301
/work/sound-design/producing-bass-remotely/ /blog/producing-bass-remotely/ 301
/work/sound-design/after-1989/ /blog/after-1989/ 301
/work/sound-design/after-1989-demos/ /blog/after-1989-demos/ 301
/work/sound-design/the-die-is-cast/ /blog/the-die-is-cast/ 301
/work/original-music-productions/after-1989/ /blog/after-1989/ 301
/work/original-music-productions/after-1989-demos/ /blog/after-1989-demos/ 301
/work/original-music-productions/the-die-is-cast/ /blog/the-die-is-cast/ 301
/work/original-music-productions/non-sai-chi-sono/ /blog/non-sai-chi-sono/ 301
/work/music/the-die-is-cast/ /blog/the-die-is-cast/ 301
/work/music/non-sai-chi-sono/ /blog/non-sai-chi-sono/ 301
/work/music/after-1989/ /blog/after-1989/ 301
/work/music/after-1989-demos/ /blog/after-1989-demos/ 301
/work/game-audio/console-game-ruff-trigger/ /blog/ruff-trigger-playstation2-game/ 301
/work/musicproduction/producing-bass-remotely/ /blog/producing-bass-remotely/ 301
/work/musicproduction/premonition-and-ruin/ /blog/premonition-and-ruin/ 301
/work/musicproduction/callum-gardner-debut-single/ /blog/callum-gardner-debut-single/ 301
/work/music-production/callum-gardner-debut-single/ /blog/callum-gardner-debut-single/ 301
/work/sounddesign/car-city-cartoon/ /blog/car-city-cartoon/ 301
/work/sound-design/car-city-cartoon/ /blog/car-city-cartoon/ 301
/work/sounddesign/vocal-editing/ /blog/vocal-editing/ 301
/work/sound-design/vocal-editing/ /blog/vocal-editing/ 301
/work/sounddesign/drums-restoration/ /blog/drums-restoration/ 301
/work/music-production/ /sound-design/ 301
/work/musicproduction/minutes-to-midnight-productions/ /sound-design/ 301
/work/music-production/minutes-to-midnight-productions/ /sound-design/ 301
/work/music-production/producing-bass-remotely/ /blog/producing-bass-remotely/ 301
/work/bass/producing-bass-remotely/ /blog/producing-bass-remotely/ 301
/work/web-design/ /web-design/ 301
/work/web-design/minutes-to-midnight/ /blog/website-minutes-to-midnight/ 301
/work/web-design/no-slack-day/ /blog/website-noslack-day/ 301
/work/web-design/reevoo/ /blog/reevoo-corporate-website/ 301
/work/web-design/silvia-maggi-design/ /blog/silviamaggidesign-website/ 301
/work/web-design/unicredit/ /blog/unicreditbank/ 301
/work/web-design/responsive-photogallery-carousel/ /blog/responsive-photogallery-carousel-css/ 301
/work/music-production/hidden-music/ /blog/hidden-music/ 301
/work/music-production/mix-ember-rev-reaper-subprojects/ /blog/mix-ember-rev-reaper-subprojects/ 301
/work/dev/build-a-human-readable-rss-with-jekyll/ /blog/build-a-human-readable-rss-with-jekyll/ 301